{
  "version": 1,
  "serviceConfiguration": {
    "apiName": "SAGA",
    "serviceName": "AppSync",
    "gqlSchemaPath": "/tmp/amplify-b7c78e2c-9b15-4410-9b5f-1532467bf5ee/amplify/backend/api/SAGA/schema.graphql",
    "defaultAuthType": {
      "mode": "API_KEY",
      "keyDescription": "api key description",
      "expirationTime": 30
    },
    "additionalAuthTypes": [
      {
        "mode": "AWS_IAM"
      }
    ],
    "conflictResolution": {
      "defaultResolutionStrategy": {
        "type": "AUTOMERGE"
      }
    }
  }
}